code,country,year,gdp_percapita,gross_savings,inflation_rate,total_investment,unemployment_rate,exports,imports,income_group
ABW,Aruba,2010,24087.95,13.255,2.078,NA,10.6,NA,NA,High income
ABW,Aruba,2015,27126.62,21.411,0.475,NA,7.298,NA,NA,High income
ABW,Aruba,2020,21832.92,-7.521,-1.338,NA,13.997,NA,NA,High income
AFG,Afghanistan,2010,631.49,59.699,2.179,30.269,NA,9.768,32.285,Low income
AFG,Afghanistan,2015,711.337,22.223,-0.662,18.427,NA,-11.585,15.309,Low income
AFG,Afghanistan,2020,580.817,27.132,5.607,16.42,NA,-10.424,2.892,Low income
AGO,Angola,2010,3641.44,34.833,14.48,28.197,NA,-3.266,-21.656,Lower middle income
AGO,Angola,2015,4354.92,28.491,9.159,34.202,NA,6.721,-19.515,Lower middle income
AGO,Angola,2020,2012.15,22.399,22.277,23.006,NA,1.257,-25.423,Lower middle income
ALB,Albania,2010,4097.83,20.023,3.615,31.318,14,10.473,-9.316,Upper middle income
ALB,Albania,2015,3953.61,15.804,1.868,26.237,17.1,5.272,0.076,Upper middle income
ALB,Albania,2020,5286.68,13.255,1.603,22.845,12.5,-28.951,-21.446,Upper middle income
ARE,United Arab Emirates,2010,35064.26,31.33,0.878,27.121,NA,7.54,0.405,High income
ARE,United Arab Emirates,2015,37380.57,30.54,4.07,25.639,NA,3.055,2.488,High income
ARE,United Arab Emirates,2020,31982.23,28.223,-2.074,25.126,NA,-13.652,-18.151,High income
ARG,Argentina,2010,10412.97,17.323,10.461,17.706,7.75,13.701,39.414,Upper middle income
ARG,Argentina,2015,14895.32,14.328,NA,17.071,6.533,-1.633,2.644,Upper middle income
ARG,Argentina,2020,8554.64,17.798,42.015,16.845,11.364,-13.124,-10.722,Upper middle income
ARM,Armenia,2010,3121.78,15.797,7.274,29.419,19,15.021,4.906,Upper middle income
ARM,Armenia,2015,3529.03,18.506,3.731,21.204,18.5,9.179,-10.123,Upper middle income
ARM,Armenia,2020,4155.27,12.661,1.23,17.225,24.169,-35.532,-31.1,Upper middle income
ATG,Antigua and Barbuda,2010,13564.68,NA,3.37,NA,NA,NA,NA,High income
ATG,Antigua and Barbuda,2015,14696.89,7.052,0.969,4.858,NA,-0.129,7.208,High income
ATG,Antigua and Barbuda,2020,14168.26,14.314,1.058,27.013,NA,-56.005,-41.974,High income
AUS,Australia,2010,56459.8,23.105,2.863,26.369,5.208,5.717,15.507,High income
AUS,Australia,2015,51484.05,21.608,1.485,25.88,6.05,6.533,1.962,High income
AUS,Australia,2020,52824.82,24.571,0.868,22.317,6.508,-10.275,-12.976,High income
AUT,Austria,2010,46955.17,25.463,1.693,22.608,4.817,13.131,11.97,High income
AUT,Austria,2015,44267.81,25.531,0.808,23.806,5.742,3.049,3.63,High income
AUT,Austria,2020,48154.38,27.536,1.391,25.193,5.333,-10.383,-10.238,High income
AZE,Azerbaijan,2010,5880.81,44.139,5.664,18.06,5.631,-1.86,-8.929,Upper middle income
AZE,Azerbaijan,2015,5300.14,27.348,4.048,27.914,4.958,9.967,11.791,Upper middle income
AZE,Azerbaijan,2020,4218,15.845,2.824,17.418,6.541,-0.624,-5.16,Upper middle income
BDI,Burundi,2010,231.549,3.688,6.496,15.926,NA,16.901,66.795,Low income
BDI,Burundi,2015,304.243,5.768,5.554,17.286,NA,-7.099,-29.36,Low income
BDI,Burundi,2020,253.593,6.593,7.305,19.935,NA,-19.818,5.942,Low income
BEL,Belgium,2010,44448.17,24.751,2.334,23.127,8.308,8.484,7.171,High income
BEL,Belgium,2015,41147.26,25.011,0.62,23.628,8.483,1.368,1.053,High income
BEL,Belgium,2020,44529.39,24.53,0.428,25.271,5.608,-5.827,-5.176,High income
BEN,Benin,2010,1037.38,10.041,2.179,15.608,NA,6.291,-13.484,Lower middle income
BEN,Benin,2015,1076.91,14.768,0.21,20.732,NA,-8.167,-5.397,Lower middle income
BEN,Benin,2020,1250.87,23.638,3,28.334,NA,-9.783,-6.974,Lower middle income
BFA,Burkina Faso,2010,648.365,20.194,-0.608,21.99,NA,54.547,13.986,Low income
BFA,Burkina Faso,2015,653.393,11.863,1.653,19.43,NA,6.504,8.45,Low income
BFA,Burkina Faso,2020,790.968,20.033,1.885,23.779,NA,-17.123,7.721,Low income
BGD,Bangladesh,2010,781.154,29.443,6.817,26.247,NA,5.491,1.836,Lower middle income
BGD,Bangladesh,2015,1248.89,29.02,6.405,28.887,NA,5.822,6.948,Lower middle income
BGD,Bangladesh,2020,1998.43,26.256,5.648,27.729,NA,-12.996,-3.401,Lower middle income
BGR,Bulgaria,2010,6713.33,20.925,3.039,22.655,10.306,11.046,-0.932,Upper middle income
BGR,Bulgaria,2015,7079.78,21.169,-1.067,21.049,9.233,6.448,4.782,Upper middle income
BGR,Bulgaria,2020,9919.3,19.52,1.219,19.408,5.207,-9.085,-5.897,Upper middle income
BHR,Bahrain,2010,20827.72,30.275,1.962,27.286,3.6,2.083,5.06,High income
BHR,Bahrain,2015,22659.37,24.17,1.849,26.592,3.358,-0.845,-5.669,High income
BHR,Bahrain,2020,22402,24.87,-2.324,34.471,5.039,-1.057,-2.836,High income
BHS,Bahamas,2010,29303.26,19.579,1.621,27.463,15.082,3.21,-4.774,High income
BHS,Bahamas,2015,32154.95,11.728,1.878,25.48,13.379,-5.099,-5.413,High income
BHS,Bahamas,2020,29220.54,10.365,0.039,27.942,25.571,-65.258,-15.004,High income
BIH,Bosnia and Herzegovina,2010,4633.86,9.914,2.124,15.917,27.2,13.68,2.032,Upper middle income
BIH,Bosnia and Herzegovina,2015,4727.26,12.844,-1.023,17.94,27.7,9.751,1.672,Upper middle income
BIH,Bosnia and Herzegovina,2020,5912.98,18.449,-0.577,21.924,19,-8.708,-10.937,Upper middle income
BLR,Belarus,2010,6023.15,26.186,7.743,40.656,5.738,6.407,9.366,Upper middle income
BLR,Belarus,2015,5941.24,25.784,13.523,29.035,5.821,1.318,-12.048,Upper middle income
BLR,Belarus,2020,6398.87,27.61,5.536,27.521,4.1,0.405,-9.301,Upper middle income
BLZ,Belize,2010,4265.62,9.617,0.918,12.942,18.515,10.21,6.779,Upper middle income
BLZ,Belize,2015,4681.77,11.873,-0.862,22.007,10.157,-3.67,7.057,Upper middle income
BLZ,Belize,2020,3944.94,6.83,0.12,14.865,23.699,-34.576,-25.084,Upper middle income
BOL,Bolivia,2010,1994.91,24.969,2.502,17.007,4.375,28.526,8.836,Lower middle income
BOL,Bolivia,2015,3050.65,14.216,4.061,20.281,4,-22.741,4.407,Lower middle income
BOL,Bolivia,2020,3359.73,11.733,0.942,16.548,8,-5.286,-6.611,Lower middle income
BRA,Brazil,2010,11333.02,18.224,5.039,21.801,8.5,7.124,34.532,Upper middle income
BRA,Brazil,2015,8846.48,14.385,9.03,17.412,8.283,8.092,-13.46,Upper middle income
BRA,Brazil,2020,6783.05,14.536,3.212,15.405,13.242,-1.286,-7.68,Upper middle income
BRB,Barbados,2010,16203.26,11.277,5.824,15.88,10.25,4.608,-1.781,High income
BRB,Barbados,2015,16589.45,10.804,-1.112,16.923,11.3,8.17,14.612,High income
BRB,Barbados,2020,15162.57,9.791,2.882,17.186,17.145,-37.981,-11.205,High income
BRN,Brunei,2010,35437.22,NA,0.227,23.69,NA,11.874,-0.311,High income
BRN,Brunei,2015,31355.74,NA,-0.311,35.247,7.7,-10.806,-11.711,High income
BRN,Brunei,2020,26089.28,NA,1.937,40.553,6.822,7.525,-2.055,High income
BTN,Bhutan,2010,2097.66,33.899,4.83,55.727,3.3,-0.018,30.544,Lower middle income
BTN,Bhutan,2015,2693.63,25.815,6.67,54.326,2.5,-2.143,-0.976,Lower middle income
BTN,Bhutan,2020,3358.96,14.445,4.15,34.472,NA,5.197,-9.275,Lower middle income
BWA,Botswana,2010,6374.99,37.536,6.95,41.412,NA,16.024,6.481,Upper middle income
BWA,Botswana,2015,6811.43,39.538,3.054,32.603,NA,-16.284,2.325,Upper middle income
BWA,Botswana,2020,6780.72,25.775,1.994,36.12,NA,-23.542,-4.078,Upper middle income
CAF,Central African Republic,2010,492.078,4.218,1.491,13.636,NA,9.368,14.01,Low income
CAF,Central African Republic,2015,377.476,4.508,1.403,13.616,NA,2.203,23.594,Low income
CAF,Central African Republic,2020,489.869,10.665,2.304,18.595,NA,-4.421,-1.389,Low income
CAN,Canada,2010,47627.35,19.918,1.777,23.482,8.075,6.678,13.788,High income
CAN,Canada,2015,43626.47,20.326,1.125,23.822,6.942,3.419,0.751,High income
CAN,Canada,2020,43278.22,20.164,0.717,22.1,9.6,-9.855,-11.265,High income
CHE,Switzerland,2010,77433.67,39.762,0.688,25.178,3.516,12.184,8.003,High income
CHE,Switzerland,2015,85240.79,35.012,-1.142,24.747,3.178,3.972,4.561,High income
CHE,Switzerland,2020,86849.47,30.662,-0.726,26.849,3.143,-6.845,-6.259,High income
CHL,Chile,2010,12794.28,24.855,1.408,23.16,8.305,2.34,25.563,High income
CHL,Chile,2015,13570.89,21.338,4.349,23.774,6.328,-1.731,-1.195,High income
CHL,Chile,2020,12989.6,21.203,3.044,19.845,10.778,-1.07,-12.791,High income
CHN,China,2010,4499.79,50.909,3.3,46.968,4.14,28.461,23.094,Upper middle income
CHN,China,2015,8084.8,45.77,1.441,43.033,4.05,-2.156,-0.438,Upper middle income
CHN,China,2020,10483.88,45.669,2.39,43.655,3.8,2.03,-1.545,Upper middle income
CIV,Côte dIvoire,2010,1650.96,11.072,1.366,15.731,NA,-7.723,9.795,Lower middle income
CIV,Côte dIvoire,2015,1932.22,22.53,1.244,23.485,NA,-2.841,15.083,Lower middle income
CIV,Côte dIvoire,2020,2277.72,18.185,2.5,21.874,NA,-1.364,7.105,Lower middle income
CMR,Cameroon,2010,1287.57,25.514,1.279,27.995,NA,-10.334,-3.021,Lower middle income
CMR,Cameroon,2015,1327.64,23.888,2.698,27.684,NA,12.51,2.895,Lower middle income
CMR,Cameroon,2020,1469.91,21.894,2.801,27.199,NA,-8.729,-8.953,Lower middle income
COD,"Congo, The Democratic Republic of the",2010,326.681,23.572,23.461,28.698,NA,30.423,44.548,Low income
COD,"Congo, The Democratic Republic of the",2015,490.698,14.1,0.738,18.872,NA,-2.018,-7.321,Low income
COD,"Congo, The Democratic Republic of the",2020,540.534,6.852,11.349,10.493,NA,8.254,4.964,Low income
COG,Congo,2010,3597.96,54.044,0.391,47.19,NA,7.269,21.024,Lower middle income
COG,Congo,2015,2873.72,39.315,3.168,78.301,NA,-1.36,34.843,Lower middle income
COG,Congo,2020,2185.58,17.652,2.386,21.423,NA,-10.785,-12.6,Lower middle income
COL,Colombia,2010,6295.29,18.81,2.268,21.889,11.775,2.064,10.829,Upper middle income
COL,Colombia,2015,6088.67,17.197,4.994,23.774,8.925,1.657,-1.081,Upper middle income
COL,Colombia,2020,5335.59,15.488,2.522,18.834,16.083,-10.143,-16.036,Upper middle income
COM,Comoros,2010,1322.64,17.919,3.899,18.175,NA,14.004,2.912,Lower middle income
COM,Comoros,2015,1231.14,13.501,0.941,13.759,NA,-7.418,-2.81,Lower middle income
COM,Comoros,2020,1361.86,17.599,1.088,18.008,NA,-31.238,-6.102,Lower middle income
CPV,Cape Verde,2010,3312.04,35.22,2.074,47.647,10.7,2.645,0.59,Lower middle income
CPV,Cape Verde,2015,2996.36,35.386,0.143,38.565,12.4,-6.549,-22.606,Lower middle income
CPV,Cape Verde,2020,3147.69,22.721,0.605,36.525,8.5,-44.643,-18.208,Lower middle income
CRI,Costa Rica,2010,8268.86,16.61,5.662,19.834,9.213,9.327,18.726,Upper middle income
CRI,Costa Rica,2015,11635.2,15.45,0.803,18.854,9.604,2.888,4.498,Upper middle income
CRI,Costa Rica,2020,11982.28,13.257,0.724,15.877,19.98,-13.7,-10.878,Upper middle income
CYP,Cyprus,2010,31439.12,13.292,2.56,23.912,6.275,6.137,10.795,High income
CYP,Cyprus,2015,23428.72,13.229,-1.54,13.18,14.9,9.924,9.132,High income
CYP,Cyprus,2020,27053.8,13.043,-1.097,23.266,7.6,-17.402,-5.84,High income
CZE,Czech Republic,2010,19983.58,23.809,1.473,27.36,7.284,14.662,14.812,High income
CZE,Czech Republic,2015,17842.87,28.432,0.309,27.983,5.021,6.032,6.848,High income
CZE,Czech Republic,2020,22578.83,28.129,3.161,24.616,2.7,-5.936,-6.073,High income
DEU,Germany,2010,42379.84,25.81,1.119,20.066,6.967,14.047,12.648,High income
DEU,Germany,2015,41107.22,28.344,0.68,19.743,4.633,4.878,5.361,High income
DEU,Germany,2020,45732.8,27.439,0.371,20.351,4.183,-10.153,-9.045,High income
DJI,Djibouti,2010,1833.85,17.162,2.485,14.787,NA,1.368,-17.986,Lower middle income
DJI,Djibouti,2015,2532.6,29.727,-0.847,0.521,NA,-3.555,-6.856,Lower middle income
DJI,Djibouti,2020,3074.39,32.394,2.878,29.494,NA,4.787,12.102,Lower middle income
DMA,Dominica,2010,6980.94,2.462,2.81,30.557,NA,NA,NA,Upper middle income
DMA,Dominica,2015,7666.36,11.451,-0.852,16.104,NA,3.469,16.397,Upper middle income
DMA,Dominica,2020,6903.76,-6.668,-0.295,12.129,NA,-49.913,-42.97,Upper middle income
DNK,Denmark,2010,58177.16,24.639,2.198,18.076,7.733,2.94,0.541,High income
DNK,Denmark,2015,53478.5,28.876,0.226,20.631,6.283,3.577,4.561,High income
DNK,Denmark,2020,60494.2,31.374,0.333,23.512,5.642,-8.534,-5.61,High income
DOM,Dominican Republic,2010,5688.75,18.918,6.33,26.38,6.52,38.869,34.614,Upper middle income
DOM,Dominican Republic,2015,7139.51,21.645,0.836,23.442,7.328,8.145,18.931,Upper middle income
DOM,Dominican Republic,2020,7530.19,22.376,3.783,24.244,5.732,-31.403,-10.43,Upper middle income
DZA,Algeria,2010,4480.72,48.936,3.911,41.43,9.961,-3.218,-0.038,Lower middle income
DZA,Algeria,2015,4153.32,34.326,4.784,50.781,11.214,5.733,-6.089,Lower middle income
DZA,Algeria,2020,3262.58,35.203,2.415,45.69,14.242,-4.154,-25.571,Lower middle income
ECU,Ecuador,2010,4633.25,25.762,3.554,28.037,5.02,1.112,14.292,Upper middle income
ECU,Ecuador,2015,6099.35,24.633,3.966,26.87,4.77,-0.435,-7.82,Upper middle income
ECU,Ecuador,2020,5520.36,21.278,-0.339,20.762,5.267,-2.662,-20.379,Upper middle income
EGY,Egypt,2010,2922.8,19.421,11.658,21.298,9.21,-2.744,-7.706,Lower middle income
EGY,Egypt,2015,3731.18,10.632,10.988,14.289,12.859,17.835,20.08,Lower middle income
EGY,Egypt,2020,3586.97,10.735,5.7,13.821,8.296,-4.07,-0.807,Lower middle income
ERI,Eritrea,2010,501.424,7.167,10.297,18.173,NA,-5.856,-5.382,Low income
ERI,Eritrea,2015,603.193,31.046,28.483,10.284,NA,-11.753,6.396,Low income
ERI,Eritrea,2020,588.253,17.61,4.914,6.958,NA,-8.386,-1.522,Low income
ESP,Spain,2010,30566.88,18.648,1.8,22.303,19.858,9.064,6.2,High income
ESP,Spain,2015,25764.22,21.022,-0.5,18.996,22.058,4.316,5.078,High income
ESP,Spain,2020,27132.32,20.855,-0.323,20.181,15.533,-20.893,-16.84,High income
EST,Estonia,2010,14818.44,23.283,2.741,21.514,16.707,24.217,21.255,High income
EST,Estonia,2015,17531.06,26.58,0.068,24.82,6.185,-1.502,-1.887,High income
EST,Estonia,2020,23330.09,29.625,-0.634,30.665,6.844,-5.45,0.717,High income
ETH,Ethiopia,2010,324.285,24.415,8.134,25.524,NA,15.739,33.358,Low income
ETH,Ethiopia,2015,702.767,31.409,9.569,39.417,NA,2.229,26.602,Low income
ETH,Ethiopia,2020,994.197,26.552,20.354,30.752,NA,-6.564,1.376,Low income
FIN,Finland,2010,46647,23.536,1.686,22.048,8.5,6.182,6.304,High income
FIN,Finland,2015,42867.09,20.748,-0.156,21.686,9.575,0.392,1.963,High income
FIN,Finland,2020,48981.44,24.892,0.383,24.089,7.783,-6.292,-6.64,High income
FJI,Fiji Islands,2010,4004.67,NA,3.689,18.738,7.1,NA,NA,Upper middle income
FJI,Fiji Islands,2015,5385.52,NA,1.376,21.109,5.5,NA,NA,Upper middle income
FJI,Fiji Islands,2020,4797.32,NA,-2.6,20.167,13.351,NA,NA,Upper middle income
FRA,France,2010,42178.58,21.317,1.737,21.946,9.25,8.695,8.893,High income
FRA,France,2015,37937.86,22.344,0.088,22.712,10.367,4.646,5.898,High income
FRA,France,2020,39907.14,21.39,0.525,23.727,8.175,-16.349,-11.474,High income
FSM,"Micronesia, Federated States of",2010,2887.35,NA,3.701,NA,NA,NA,NA,Lower middle income
FSM,"Micronesia, Federated States of",2015,3050.72,NA,-0.158,NA,NA,NA,NA,Lower middle income
FSM,"Micronesia, Federated States of",2020,3899.48,NA,0.484,NA,NA,NA,NA,Lower middle income
GAB,Gabon,2010,8933.31,41.009,1.447,26.105,NA,8.167,12.412,Upper middle income
GAB,Gabon,2015,7453.11,29.246,-0.143,34.817,NA,20.173,-10.199,Upper middle income
GAB,Gabon,2020,7421.18,24.591,1.335,29.718,NA,21.747,-7.775,Upper middle income
GBR,United Kingdom,2010,39579.62,13.088,3.298,16.197,7.9,5.823,7.921,High income
GBR,United Kingdom,2015,45053.49,12.697,0.04,17.72,5.375,2.799,5.412,High income
GBR,United Kingdom,2020,40406.28,13.07,0.851,16.999,4.5,-16.721,-18.127,High income
GEO,Georgia,2010,3222.07,10.758,7.111,20.524,27.196,3.883,-3.104,Upper middle income
GEO,Georgia,2015,4017.62,14.502,4.004,26.295,21.912,-18.519,-12.701,Upper middle income
GEO,Georgia,2020,4247.94,14.923,5.202,27.214,NA,-38.827,-18.647,Upper middle income
GHA,Ghana,2010,1745.56,44.693,6.698,51.127,NA,13.565,31.211,Lower middle income
GHA,Ghana,2015,1753.85,21.34,17.153,30.049,NA,-8.675,0.666,Lower middle income
GHA,Ghana,2020,2222.91,19.928,9.885,23.259,NA,-6.787,-6.454,Lower middle income
GIN,Guinea,2010,630.549,-0.936,15.466,5.462,NA,-9.896,8.689,Lower middle income
GIN,Guinea,2015,712.047,-5.693,8.151,7.256,NA,21.284,12.221,Lower middle income
GIN,Guinea,2020,1106.47,4.133,10.602,16.241,NA,2.189,14.428,Lower middle income
GMB,Gambia,2010,860.639,3.757,5.049,13.806,NA,0.299,7.179,Low income
GMB,Gambia,2015,649.511,3.65,6.808,13.538,NA,-11.783,5.056,Low income
GMB,Gambia,2020,790.829,12.332,5.931,17.837,NA,-36.362,1.044,Low income
GNB,Guinea-Bissau,2010,644.344,11.965,1.071,19.494,NA,-7.451,4.443,Low income
GNB,Guinea-Bissau,2015,707.897,16.798,1.481,14.975,NA,6.699,13.81,Low income
GNB,Guinea-Bissau,2020,789.877,14.446,1.463,24.499,NA,-24.573,-2.037,Low income
GNQ,Equatorial Guinea,2010,17153.17,17.812,5.32,38.056,NA,0.381,29.52,Upper middle income
GNQ,Equatorial Guinea,2015,11217.99,8.266,1.695,24.701,NA,0.996,-15.453,Upper middle income
GNQ,Equatorial Guinea,2020,6772.73,5.382,4.798,13.808,NA,-33.111,-57.963,Upper middle income
GRC,Greece,2010,26743.4,7.944,4.704,17.986,12.725,8.593,-3.763,High income
GRC,Greece,2015,17997.4,10.591,-1.094,12.097,24.9,4.158,3.589,High income
GRC,Greece,2020,17670.29,6.016,-1.262,13.45,16.4,-25.653,-14.027,High income
GRD,Grenada,2010,7258.18,NA,3.437,NA,NA,NA,NA,Upper middle income
GRD,Grenada,2015,9096.54,5.226,-0.584,17.733,NA,4.736,11.364,Upper middle income
GRD,Grenada,2020,9185.56,6.335,-0.742,23.522,NA,-60.254,-15.63,Upper middle income
GTM,Guatemala,2010,2836.01,12.632,3.86,14.481,NA,5.799,10.004,Upper middle income
GTM,Guatemala,2015,3825.88,13.584,2.389,14.828,NA,2.838,3.648,Upper middle income
GTM,Guatemala,2020,4288.75,17.63,2.437,12.603,NA,-2.5,-5.5,Upper middle income
GUY,Guyana,2010,3837.3,6.545,4.302,13.087,NA,4.484,1.632,High income
GUY,Guyana,2015,5579.97,6.907,-0.865,10.347,NA,-1.906,12.599,High income
GUY,Guyana,2020,7327.17,-0.533,0.722,12.96,NA,159.103,5.941,High income
HKG,Hong Kong,2010,32421.36,30.892,2.314,23.89,4.322,17.546,18.342,High income
HKG,Hong Kong,2015,42325.35,24.859,2.995,21.541,3.307,-1.368,-1.776,High income
HKG,Hong Kong,2020,46753.46,26.253,0.325,19.76,5.853,-6.054,-6.214,High income
HND,Honduras,2010,1891.16,16.768,4.699,21.88,4.119,20.02,9.222,Lower middle income
HND,Honduras,2015,2302.04,20.447,3.158,25.118,6.147,5.741,18.649,Lower middle income
HND,Honduras,2020,2382.88,17.29,3.468,14.517,6.184,-11.877,-4.186,Lower middle income
HRV,Croatia,2010,13562.42,18.954,1.031,21.11,17.167,7.783,-3.039,High income
HRV,Croatia,2015,11780.6,23.879,-0.464,20.607,17.067,10.343,9.388,High income
HRV,Croatia,2020,14072.08,20.852,0.258,24.391,9.188,-26.854,-16.21,High income
HTI,Haiti,2010,1171.39,24.538,4.136,25.412,NA,-3.598,37.585,Lower middle income
HTI,Haiti,2015,1388.96,12.406,7.524,14.194,NA,8.579,12.89,Lower middle income
HTI,Haiti,2020,1252.87,21.218,22.945,15.751,NA,-34.516,-14.624,Lower middle income
HUN,Hungary,2010,13173.21,20.754,4.867,20.367,10.801,11.118,9.907,High income
HUN,Hungary,2015,12690.17,25.557,-0.07,23.076,6.626,7.365,6.01,High income
HUN,Hungary,2020,15820.1,27.458,3.319,27.461,4.115,-14.635,-12.696,High income
IDN,Indonesia,2010,3178.13,33.582,5.141,32.88,7.14,6.978,17.635,Upper middle income
IDN,Indonesia,2015,3367.69,32.028,6.361,34.063,6.18,-3.798,-7.433,Upper middle income
IDN,Indonesia,2020,3921.62,31.92,2.033,32.367,7.07,-3.614,-14.572,Upper middle income
IND,India,2010,1384.17,33.701,10.528,36.502,NA,27.532,15.822,Lower middle income
IND,India,2015,1605.61,31.067,4.9,32.117,NA,-4.999,1.316,Lower middle income
IND,India,2020,1964.88,29.427,6.195,28.42,NA,-8.016,-15.399,Lower middle income
IRL,Ireland,2010,48758.01,16.023,-1.619,17.217,14.583,6.289,0.678,High income
IRL,Ireland,2015,61951.73,29.966,-0.05,25.576,9.95,38.212,32.303,High income
IRL,Ireland,2020,83849.81,36.262,-0.459,31.65,5.625,6.175,-9.973,High income
IRN,Iran,2010,6564.06,45.625,12.299,41.245,13.5,7.758,2.375,Lower middle income
IRN,Iran,2015,4844.5,36.89,11.919,36.537,11,49.861,-8.025,Lower middle income
IRN,Iran,2020,7554.77,41.963,36.5,42.665,10.823,22.982,7.532,Lower middle income
IRQ,Iraq,2010,4473.71,23.736,2.445,NA,NA,NA,NA,Upper middle income
IRQ,Iraq,2015,5044.62,18.568,1.393,NA,NA,NA,NA,Upper middle income
IRQ,Iraq,2020,4288.77,1.899,0.573,NA,NA,NA,NA,Upper middle income
ISL,Iceland,2010,43293.02,7.814,5.4,13.909,8.317,0.954,2.319,High income
ISL,Iceland,2015,53227.63,25.034,1.634,19.404,4.5,8.948,13.542,High income
ISL,Iceland,2020,59633.72,22.717,2.851,21.668,6.433,-30.51,-22.04,High income
ISR,Israel,2010,30705.4,22.223,2.694,18.882,8.25,15.049,15.279,High income
ISR,Israel,2015,35828.17,25.284,-0.632,19.926,5.275,-2.391,0.165,High income
ISR,Israel,2020,43688.58,26.78,-0.587,21.878,4.3,0.564,-8.105,High income
ITA,Italy,2010,35805.44,17.285,1.62,20.58,8.342,11.762,12.167,High income
ITA,Italy,2015,30213.1,18.529,0.108,17.107,11.908,4.274,6.464,High income
ITA,Italy,2020,31288.02,21.126,-0.145,17.5,9.12,-13.76,-12.591,High income
JAM,Jamaica,2010,4894.37,13.418,12.616,20.207,12.375,-8.528,-12.085,Upper middle income
JAM,Jamaica,2015,5204.83,18.112,3.681,21.352,13.5,14.568,16.681,Upper middle income
JAM,Jamaica,2020,5095.64,18.64,5.21,19.303,NA,-37.82,-16.208,Upper middle income
JOR,Jordan,2010,3777.82,22.575,4.931,29.521,12.475,12.582,-3.992,Lower middle income
JOR,Jordan,2015,4218.83,11.8,-1.098,20.793,13.075,-7.272,-2.613,Lower middle income
JOR,Jordan,2020,4259.26,10.727,0.397,18.801,22.7,-17.415,-11.663,Lower middle income
JPN,Japan,2010,45135.8,26.427,-0.721,22.59,5.058,24.861,11.285,High income
JPN,Japan,2015,35005.66,28.235,0.793,25.165,3.375,3.211,0.44,High income
JPN,Japan,2020,40146.07,28.831,-0.017,25.546,2.792,-12.309,-6.788,High income
KAZ,Kazakhstan,2010,9005.04,26.309,7.125,25.374,5.766,7.494,-5.745,Upper middle income
KAZ,Kazakhstan,2015,10435.17,24.648,6.652,27.908,5.11,-7.178,-6.897,Upper middle income
KAZ,Kazakhstan,2020,8732.64,26.833,6.799,30.393,5.479,-5.05,-10.691,Upper middle income
KEN,Kenya,2010,1036.26,14.809,4.309,20.735,NA,8.744,8.113,Lower middle income
KEN,Kenya,2015,1483.48,14.568,6.582,21.466,NA,6.204,1.172,Lower middle income
KEN,Kenya,2020,2039.05,8.017,5.29,12.804,NA,-13.013,-2.196,Lower middle income
KGZ,Kyrgyzstan,2010,884.846,20.439,7.968,27.054,8.644,-11.447,-13.785,Lower middle income
KGZ,Kyrgyzstan,2015,1132.84,18.433,6.503,34.285,7.554,-6.98,-14.544,Lower middle income
KGZ,Kyrgyzstan,2020,1146.39,11.072,6.323,19.298,6.605,-30.641,-6.645,Lower middle income
KHM,Cambodia,2010,788.19,8.616,3.997,17.368,NA,31.695,5.471,Lower middle income
KHM,Cambodia,2015,1203.48,13.714,1.225,22.453,NA,14.975,21.517,Lower middle income
KHM,Cambodia,2020,1655.39,9.495,2.94,22,NA,-5.388,-3.036,Lower middle income
KIR,Kiribati,2010,1518.57,NA,-3.9,NA,NA,-4.551,3.571,Lower middle income
KIR,Kiribati,2015,1556.5,NA,0.572,NA,NA,7.076,-3.945,Lower middle income
KIR,Kiribati,2020,1687.51,NA,2.482,NA,NA,-18.408,-2.241,Lower middle income
KNA,Saint Kitts and Nevis,2010,14776.44,NA,0.851,NA,NA,NA,NA,High income
KNA,Saint Kitts and Nevis,2015,17004.85,16.226,-2.302,24.883,NA,-2.214,17.872,High income
KNA,Saint Kitts and Nevis,2020,14918.75,21.944,-0.589,30,NA,-53.818,-37.966,High income
KOR,South Korea,2010,23077.16,34.996,2.939,32.552,3.708,13.028,17.51,High income
KOR,South Korea,2015,28737.44,36.7,0.706,29.529,3.592,0.234,2.113,High income
KOR,South Korea,2020,31496.77,36.258,0.537,31.642,3.942,-2.459,-3.771,High income
KWT,Kuwait,2010,32216.41,50.831,4.496,17.659,2.072,-0.497,6.33,High income
KWT,Kuwait,2015,27398.08,37.116,3.678,25.428,1.322,-0.867,6.837,High income
KWT,Kuwait,2020,22105.09,27.38,2.102,28.482,NA,-11.792,-9.685,High income
LAO,Laos,2010,1200.87,NA,5.984,NA,NA,16.731,13.412,Lower middle income
LAO,Laos,2015,2130.63,NA,1.278,NA,NA,-4.798,-0.199,Lower middle income
LAO,Laos,2020,2625.53,NA,5.071,NA,NA,-13.057,-10.729,Lower middle income
LBN,Lebanon,2010,7761.64,2.303,3.983,NA,NA,-9.898,-10.36,Lower middle income
LBN,Lebanon,2015,7644.55,-0.315,-3.696,NA,NA,21.215,4.617,Lower middle income
LBN,Lebanon,2020,2802.14,-6.08,88.176,NA,NA,-49.453,-50.087,Lower middle income
LBR,Liberia,2010,543.365,NA,7.291,NA,NA,-7.648,-1.919,Low income
LBR,Liberia,2015,746.238,NA,7.742,NA,NA,6.409,2.931,Low income
LBR,Liberia,2020,646.27,NA,16.953,NA,NA,-9.958,-8.282,Low income
LBY,Libyan Arab Jamahiriya,2010,11417.42,NA,2.458,105.34,NA,-0.838,11.181,Upper middle income
LBY,Libyan Arab Jamahiriya,2015,2723.37,NA,14.848,361.493,NA,8.67,-33.55,Upper middle income
LBY,Libyan Arab Jamahiriya,2020,3280.83,NA,22.256,363.411,NA,-80.939,-59.381,Upper middle income
LCA,Saint Lucia,2010,8968.8,NA,3.25,NA,NA,NA,NA,Upper middle income
LCA,Saint Lucia,2015,10375.92,18.136,-0.984,18.124,NA,9.707,16.816,Upper middle income
LCA,Saint Lucia,2020,9351.36,7.589,-1.753,23.882,NA,-59.663,-27.862,Upper middle income
LKA,Sri Lanka,2010,2799.96,28.458,6.25,30.352,5,13.791,16.52,Lower middle income
LKA,Sri Lanka,2015,3841.52,28.845,2.237,31.181,4.7,3.621,17.031,Lower middle income
LKA,Sri Lanka,2020,3678.73,24.589,4.557,25.981,5.8,-24.737,-19.78,Lower middle income
LSO,Lesotho,2010,1222.2,20.145,3.495,29.652,NA,3.347,3.598,Lower middle income
LSO,Lesotho,2015,1106.83,25.993,3.218,29.949,NA,16.738,5.838,Lower middle income
LSO,Lesotho,2020,1002.98,9.283,4.936,24.778,NA,-23.193,-3.232,Lower middle income
LTU,Lithuania,2010,12009.03,16.851,1.191,18.126,17.814,16.382,16.811,High income
LTU,Lithuania,2015,14265.41,18.459,-0.677,21.27,9.119,2.42,9.353,High income
LTU,Lithuania,2020,19916.5,20.698,1.062,12.78,8.85,-1.331,-6.029,High income
LUX,Luxembourg,2010,106177.04,23.984,2.795,17.885,5.808,10.373,12.172,High income
LUX,Luxembourg,2015,102625.13,24.394,0.06,19.324,6.626,4.701,3.399,High income
LUX,Luxembourg,2020,116921.11,20.024,0.004,15.628,6.327,2.472,2.149,High income
LVA,Latvia,2010,11276.11,22.388,-1.224,20.685,19.475,13.444,12.806,High income
LVA,Latvia,2015,13722.08,23.246,0.213,23.84,9.875,2.966,1.65,High income
LVA,Latvia,2020,17559.86,25.555,0.081,22.603,8.173,-2.705,-3.271,High income
MAC,Macao,2010,51135.16,NA,2.809,13.247,2.825,NA,NA,High income
MAC,Macao,2015,69666.75,NA,4.561,25.33,1.825,NA,NA,High income
MAC,Macao,2020,36350.16,NA,0.811,27.605,2.9,NA,NA,High income
MAR,Morocco,2010,2896.56,29.7,0.871,34.074,9.063,24.733,-1.467,Lower middle income
MAR,Morocco,2015,2964.96,28.661,1.411,30.801,9.707,8.73,3.401,Lower middle income
MAR,Morocco,2020,3158.32,26.854,0.622,29.059,11.9,-20.453,-7.306,Lower middle income
MDA,Moldova,2010,2428.11,16.7,7.358,23.601,7.4,17,14,Upper middle income
MDA,Moldova,2015,2715.78,17.604,9.628,23.595,5.025,1,-5,Upper middle income
MDA,Moldova,2020,4365.85,20.301,3.768,26.846,8,-14.25,-9.93,Upper middle income
MDG,Madagascar,2010,471.959,18.079,9.247,27.027,NA,-10.003,-20.541,Low income
MDG,Madagascar,2015,467.235,14.366,7.404,15.992,NA,-7.684,-7.134,Low income
MDG,Madagascar,2020,501.756,8.546,4.188,15.095,NA,-31.522,-19.599,Low income
MDV,Maldives,2010,8086.7,12.678,6.15,20,NA,8.827,3.835,Upper middle income
MDV,Maldives,2015,11781.03,12.513,1.371,20,NA,4.953,14.083,Upper middle income
MDV,Maldives,2020,9934.09,-4.42,-1.594,20,NA,-49.149,-41.285,Upper middle income
MEX,Mexico,2010,9299.46,22.336,4.155,22.793,5.273,22.362,17.055,Upper middle income
MEX,Mexico,2015,9657.12,20.663,2.719,23.313,4.351,8.414,5.922,Upper middle income
MEX,Mexico,2020,8421.19,21.799,3.399,19.314,4.42,-7.865,-15.503,Upper middle income
MHL,Marshall Islands,2010,3030.39,NA,1.768,NA,NA,27.621,NA,Upper middle income
MHL,Marshall Islands,2015,3406.48,NA,-2.236,NA,NA,5.85,NA,Upper middle income
MHL,Marshall Islands,2020,4240.1,NA,0.614,NA,NA,-28.817,NA,Upper middle income
MKD,Macedonia,2010,4576.23,22.443,1.508,NA,32.05,23.68,10.367,Upper middle income
MKD,Macedonia,2015,4860.42,28.45,-0.3,NA,26.05,8.476,9.945,Upper middle income
MKD,Macedonia,2020,5918.11,26.164,1.2,NA,16.375,-10.851,-10.489,Upper middle income
MLI,Mali,2010,733.666,13.306,1.289,24.026,NA,-1.013,18.877,Low income
MLI,Mali,2015,773.945,15.437,1.442,20.761,NA,31.237,46.53,Low income
MLI,Mali,2020,897.287,16.317,0.627,18.36,NA,-11.222,-3.936,Low income
MLT,Malta,2010,21842.07,17.767,2.041,22.277,6.842,8.205,8.217,High income
MLT,Malta,2015,25228.18,26.839,1.176,24.14,5.392,15.438,19.266,High income
MLT,Malta,2020,28293.63,22.994,0.787,23.608,4.292,-7.826,-4.111,High income
MMR,Myanmar,2010,774.72,25.773,5.924,21.036,NA,-4.974,-45.255,Lower middle income
MMR,Myanmar,2015,1223.74,30.079,7.259,33.552,NA,18.055,9.971,Lower middle income
MMR,Myanmar,2020,1527.44,28.831,5.725,32.285,NA,-3.247,2.175,Lower middle income
MNG,Mongolia,2010,2602.37,29.763,10.046,42.087,9.9,17.968,31.486,Lower middle income
MNG,Mongolia,2015,3842.54,18.34,5.736,26.413,7.5,3.167,-10.98,Lower middle income
MNG,Mongolia,2020,3916.09,20.169,3.717,24.555,7.5,-10.601,-13.152,Lower middle income
MOZ,Mozambique,2010,469.47,7.111,12.426,21.82,NA,-17.588,-5.597,Low income
MOZ,Mozambique,2015,570.129,3.835,3.551,41.249,NA,-1.988,1.352,Low income
MOZ,Mozambique,2020,449.63,5.92,3.141,66.57,NA,-23.858,41.267,Low income
MRT,Mauritania,2010,1715.92,32.01,6.262,32.251,NA,14.015,12.698,Lower middle income
MRT,Mauritania,2015,1668.07,21.73,0.486,38.461,NA,2.006,-13.294,Lower middle income
MRT,Mauritania,2020,1971.45,30.69,2.264,33.322,NA,1.025,-0.83,Lower middle income
MUS,Mauritius,2010,8000.38,14.723,2.924,27.105,7.8,9.386,7.76,Upper middle income
MUS,Mauritius,2015,9258.56,16.807,1.275,18.091,7.9,-2.019,4.727,Upper middle income
MUS,Mauritius,2020,8993.48,12.571,2.52,18.516,10.9,-35.588,-12.41,Upper middle income
MWI,Malawi,2010,442.765,26.25,7.409,22.823,NA,40.949,42.098,Low income
MWI,Malawi,2015,353.507,-3.248,21.86,13.949,NA,-27.876,11.88,Low income
MWI,Malawi,2020,406.65,-8.412,8.638,11.353,NA,-7.244,15.564,Low income
MYS,Malaysia,2010,9046.99,33.597,1.72,23.657,3.3,3.622,12.117,Upper middle income
MYS,Malaysia,2015,9663.11,28.411,2.104,25.424,3.15,4.05,1.693,Upper middle income
MYS,Malaysia,2020,10269.86,24.068,-1.139,19.678,4.525,-2.423,-9.248,Upper middle income
NAM,Namibia,2010,5410.98,20.691,4.875,22.872,NA,8.488,-4.294,Upper middle income
NAM,Namibia,2015,5020.47,17.087,3.396,28.895,NA,-7.081,10.505,Upper middle income
NAM,Namibia,2020,4175.18,16.428,2.568,17.098,NA,-25.821,-21.163,Upper middle income
NER,Niger,2010,476.062,18.233,0.944,32.722,NA,19.73,11.503,Low income
NER,Niger,2015,484.171,17.019,0.961,32.368,NA,-8.997,7.367,Low income
NER,Niger,2020,565.867,17.515,2.762,30.836,NA,-14.733,-5.126,Low income
NGA,Nigeria,2010,2328.43,20.843,13.742,17.291,5.092,10.732,22.92,Lower middle income
NGA,Nigeria,2015,2718.59,12.355,9.01,15.49,9,8.665,4.202,Lower middle income
NGA,Nigeria,2020,2083.16,21.45,13.247,25.124,NA,-13.608,-21.581,Lower middle income
NIC,Nicaragua,2010,1506.07,15.965,5.455,24.84,7.829,15.769,11.89,Lower middle income
NIC,Nicaragua,2015,2036.93,23.603,3.997,33.477,5.909,-1.12,12.059,Lower middle income
NIC,Nicaragua,2020,1869.71,24.299,3.705,21.034,8.061,-6.541,7.708,Lower middle income
NLD,Netherlands,2010,51165.82,27.156,0.929,20.222,4.995,9.764,8.552,High income
NLD,Netherlands,2015,45302.8,28.774,0.216,22.475,6.891,7.444,14.883,High income
NLD,Netherlands,2020,52247.54,31.375,1.117,21.384,3.832,-4.195,-4.415,High income
NOR,Norway,2010,87356.19,36.282,2.419,25.425,3.794,0.556,8.416,High income
NOR,Norway,2015,74115.16,35.521,2.171,27.476,4.531,4.342,1.935,High income
NOR,Norway,2020,67176.43,32.841,1.287,30.303,4.595,-0.87,-12.192,High income
NPL,Nepal,2010,677.187,31.411,9.565,38.867,NA,NA,NA,Lower middle income
NPL,Nepal,2015,901.75,35.659,7.212,31.277,NA,NA,NA,Lower middle income
NPL,Nepal,2020,1195.59,30.383,6.15,31.328,NA,NA,NA,Lower middle income
NRU,Nauru,2010,4748.08,NA,-1.968,NA,NA,NA,NA,High income
NRU,Nauru,2015,6994.05,NA,9.784,NA,NA,NA,NA,High income
NRU,Nauru,2020,8866.87,NA,0.891,NA,NA,NA,NA,High income
NZL,New Zealand,2010,33376.46,25.358,2.302,20.329,6.2,3.293,10.791,High income
NZL,New Zealand,2015,38195.64,20.314,0.293,23.103,5.425,7.895,4.306,High income
NZL,New Zealand,2020,41127.16,20.879,1.715,21.671,4.6,-12.149,-16.34,High income
OMN,Oman,2010,19027.78,34.686,3.256,26.128,NA,5.35,-3.623,High income
OMN,Oman,2015,16570.74,14.312,0.065,30.167,NA,5.373,9.333,High income
OMN,Oman,2020,14215.58,9.007,-0.904,19,NA,-4.833,-27.841,High income
PAK,Pakistan,2010,1029.17,13.572,10.103,15.805,5.55,5.391,-3.555,Lower middle income
PAK,Pakistan,2015,1422.92,14.665,4.525,15.707,5.9,2.615,12.933,Lower middle income
PAK,Pakistan,2020,1260.01,14.276,10.741,15.407,4.5,-1.247,-13.085,Lower middle income
PAN,Panama,2010,8039.76,27.639,3.491,38.213,6.516,5.024,28.006,High income
PAN,Panama,2015,13606.6,33.793,0.137,42.756,5.052,-4.84,-1.207,High income
PAN,Panama,2020,12373.05,27.968,-1.55,28.547,18.548,-35.94,-38.194,High income
PER,Peru,2010,5055.04,22.028,1.53,24.42,7.88,1.358,27.198,Upper middle income
PER,Peru,2015,6141.43,18.704,3.548,23.682,6.49,2.988,0.183,Upper middle income
PER,Peru,2020,6083.87,19.292,1.827,18.807,13.6,-13.394,-11.103,Upper middle income
PHL,Philippines,2010,2237.16,23.887,3.783,20.442,7.325,17.976,18.487,Lower middle income
PHL,Philippines,2015,3039.23,23.712,0.674,21.341,6.275,2.966,7.722,Lower middle income
PHL,Philippines,2020,3330.36,20.625,2.635,17.414,10.4,-20.671,-25.703,Lower middle income
PLW,Palau,2010,10044.33,NA,1.094,24.498,NA,2.969,-4.013,Upper middle income
PLW,Palau,2015,15787.6,NA,2.199,25.428,NA,12.426,14.308,Upper middle income
PLW,Palau,2020,14411.66,NA,0,31.438,NA,-43.679,-13.94,Upper middle income
PNG,Papua New Guinea,2010,2132.19,NA,5.102,NA,NA,4.837,37.329,Lower middle income
PNG,Papua New Guinea,2015,2742.92,NA,5.996,NA,NA,45.776,-23.88,Lower middle income
PNG,Papua New Guinea,2020,2684.77,NA,4.992,NA,NA,-8.262,18.562,Lower middle income
POL,Poland,2010,12619.62,15.95,2.583,21.506,9.635,12.836,14.22,High income
POL,Poland,2015,12563.61,19.685,-0.933,20.595,7.499,8.033,6.918,High income
POL,Poland,2020,15653.56,20.805,3.4,17.312,3.163,-0.545,-2.556,High income
PRI,Puerto Rico,2010,26435.74,NA,2.474,9.16,16.4,NA,NA,High income
PRI,Puerto Rico,2015,29755.35,NA,-0.751,8.599,12,NA,NA,High income
PRI,Puerto Rico,2020,30317.39,NA,-1.301,13.388,8.6,NA,NA,High income
PRT,Portugal,2010,22539.04,10.738,1.391,21.126,10.77,-1.243,-3.725,High income
PRT,Portugal,2015,19252.02,15.125,0.508,15.855,12.444,6.339,8.088,High income
PRT,Portugal,2020,22488.62,17.135,-0.121,19.113,6.794,-18.771,-11.917,High income
PRY,Paraguay,2010,4326.22,23.982,4.651,23.8,5.674,20.474,31.039,Upper middle income
PRY,Paraguay,2015,5353.06,20.447,3.129,20.848,5.351,4.591,0.239,Upper middle income
PRY,Paraguay,2020,4946.46,24.038,1.768,22.469,6.559,-9.709,-15.488,Upper middle income
QAT,Qatar,2010,69796.14,48.177,-2.389,NA,NA,31.09,-1.425,High income
QAT,Qatar,2015,66346.96,45.569,0.939,NA,NA,-1.827,-9.173,High income
QAT,Qatar,2020,52144.16,38.637,-2.719,NA,NA,0.356,-15.459,High income
RUS,Russian Federation,2010,11431.15,24.79,6.849,20.66,7.358,8.62,28.995,Upper middle income
RUS,Russian Federation,2015,9257.94,27.144,15.534,22.149,5.575,2.97,-25.823,Upper middle income
RUS,Russian Federation,2020,10037.24,25.625,3.378,23.42,5.783,-7.917,-13.545,Upper middle income
RWA,Rwanda,2010,614.796,6.677,2.306,21.562,NA,11.672,4.098,Low income
RWA,Rwanda,2015,759.764,6.175,2.507,25.251,NA,-3.763,11.979,Low income
RWA,Rwanda,2020,818.99,3.768,8,21.651,NA,-12.493,0.341,Low income
SAU,Saudi Arabia,2010,19163.34,43.564,3.699,30.926,5.548,7.47,-1.767,High income
SAU,Saudi Arabia,2015,21063.31,26.458,1.216,35.127,5.591,4.051,3.43,High income
SAU,Saudi Arabia,2020,20178.23,25.535,3.438,27.667,NA,-15.581,-23.318,High income
SDN,Sudan,2010,1637.42,17.729,12.978,NA,13.733,6.43,5.984,Low income
SDN,Sudan,2015,1679.07,4.491,16.91,NA,21.6,-0.593,24.655,Low income
SDN,Sudan,2020,775.043,-7.469,163.259,NA,26.83,-13.915,-0.59,Low income
SEN,Senegal,2010,1272.62,16.565,1.228,20.087,NA,-1.338,-5.231,Lower middle income
SEN,Senegal,2015,1219.37,20.118,0.858,25.833,NA,-2.723,-3.238,Lower middle income
SEN,Senegal,2020,1459.51,20.044,2.533,31.002,NA,-9.421,13.787,Lower middle income
SGP,Singapore,2010,47236.67,50.592,2.824,27.658,2.175,17.788,16.307,High income
SGP,Singapore,2015,55645.61,44.046,-0.523,25.353,1.9,4.968,3.381,High income
SGP,Singapore,2020,58902.22,40.204,-0.182,22.619,3.05,-4.32,-7.076,High income
SLB,Solomon Islands,2010,1608.46,-5.783,0.905,20.589,NA,27.814,44.131,Lower middle income
SLB,Solomon Islands,2015,2231.83,13.068,-0.569,15.758,NA,2.841,6.082,Lower middle income
SLB,Solomon Islands,2020,2392.24,6.802,3.436,8.55,NA,-27.667,-19.78,Lower middle income
SLE,Sierra Leone,2010,401.835,9.548,7.194,31.089,NA,12.41,84.555,Low income
SLE,Sierra Leone,2015,592.903,-10.331,6.694,13.813,NA,-25.586,-10.377,Low income
SLE,Sierra Leone,2020,526.514,0.815,15.696,15.801,NA,-14.79,-5.726,Low income
SLV,El Salvador,2010,2983.23,13.783,1.179,16.672,7,13.251,7.943,Upper middle income
SLV,El Salvador,2015,3705.58,12.801,-0.731,16.017,7,3.893,13.265,Upper middle income
SLV,El Salvador,2020,3794.31,15.661,0.214,17.163,9.044,-24.723,-10.11,Upper middle income
SMR,San Marino,2010,60426.24,NA,2.413,19.613,4.945,NA,NA,High income
SMR,San Marino,2015,43068.69,NA,0.146,12.086,9.183,NA,NA,High income
SMR,San Marino,2020,44818.19,NA,0.215,23.46,7.342,NA,NA,High income
SOM,Somalia,2010,NA,NA,NA,NA,NA,NA,NA,Low income
SOM,Somalia,2015,310.457,NA,NA,NA,NA,NA,NA,Low income
SOM,Somalia,2020,326.982,NA,NA,NA,NA,NA,NA,Low income
STP,Sao Tome and Principe,2010,1128.31,33.101,13.339,55.894,14.628,7.675,9.112,Lower middle income
STP,Sao Tome and Principe,2015,1623.81,20.101,6.086,32.061,13.433,-2.733,8.834,Lower middle income
STP,Sao Tome and Principe,2020,1918.01,-0.352,9.808,17.097,NA,-36.273,-9.276,Lower middle income
SUR,Suriname,2010,8224.07,52.436,6.948,NA,7.2,9.707,-11.102,Upper middle income
SUR,Suriname,2015,8439.04,54.004,6.896,NA,7,-7.729,12.12,Upper middle income
SUR,Suriname,2020,3988.45,32.116,34.913,NA,11.291,-11.407,-18.831,Upper middle income
SVK,Slovakia,2010,16784.02,19.172,0.698,23.84,14.483,17.336,16.617,High income
SVK,Slovakia,2015,16326.57,22.161,-0.331,24.253,11.483,6.644,8.519,High income
SVK,Slovakia,2020,19071.2,16.422,2.01,16.872,6.675,-7.133,-8.54,High income
SVN,Slovenia,2010,23570.18,21.594,1.797,22.362,7.283,10.16,6.632,High income
SVN,Slovenia,2015,20898.91,22.98,-0.521,19.164,8.992,4.741,4.319,High income
SVN,Slovenia,2020,25210.72,27.891,-0.051,20.593,5.132,-8.671,-10.232,High income
SWE,Sweden,2010,52658.79,28.799,1.901,22.962,8.575,11.107,11.816,High income
SWE,Sweden,2015,51274.28,27.743,0.704,24.429,7.4,4.995,5.031,High income
SWE,Sweden,2020,51796.38,29.755,0.657,24.518,8.292,-5.191,-5.358,High income
SWZ,Swaziland,2010,4263.91,5.734,4.509,14.482,NA,4.152,12.683,Lower middle income
SWZ,Swaziland,2015,3765.92,25.485,4.951,12.516,NA,-0.987,2.662,Lower middle income
SWZ,Swaziland,2020,3504.45,19.897,3.872,12.944,NA,1.17,-20.579,Lower middle income
SYC,Seychelles,2010,10805.1,17.241,-2.405,36.622,4.605,-20.183,-7.111,High income
SYC,Seychelles,2015,14786.12,15.187,4.043,33.788,2.684,28.317,7.205,High income
SYC,Seychelles,2020,11638.72,-6.72,1.203,22.351,3,-18.775,-18.052,High income
SYR,Syria,2010,2806.69,23.845,4.398,26.688,8.613,11.328,5.364,Low income
SYR,Syria,2015,NA,NA,NA,NA,NA,NA,NA,Low income
SYR,Syria,2020,NA,NA,NA,NA,NA,NA,NA,Low income
TCD,Chad,2010,895.354,25.871,-2.11,34.388,NA,-5.488,17.218,Low income
TCD,Chad,2015,776.105,13.125,4.827,26.905,NA,36.632,-21.353,Low income
TCD,Chad,2020,653.98,16.605,3.482,25.389,NA,10.419,3.902,Low income
TGO,Togo,2010,721.036,11.998,0.212,15.709,NA,-1.51,-0.926,Low income
TGO,Togo,2015,770.358,15.603,1.79,23.223,NA,-8.527,8.151,Low income
TGO,Togo,2020,904.675,17.115,1.831,20.854,NA,-5.393,1.829,Low income
THA,Thailand,2010,5073.71,28.724,3.299,25.357,1.05,14.22,22.956,Upper middle income
THA,Thailand,2015,5837.81,29.274,-0.899,22.356,0.9,1.25,0.004,Upper middle income
THA,Thailand,2020,7190.37,27.151,-0.847,23.855,2,-19.409,-13.28,Upper middle income
TJK,Tajikistan,2010,738.287,7.664,6.463,17.964,2.2,21.517,7.406,Lower middle income
TJK,Tajikistan,2015,919.073,12.105,5.781,18.177,NA,13.208,-0.07,Lower middle income
TJK,Tajikistan,2020,843.974,17.189,8.589,19.511,NA,14.202,1.861,Lower middle income
TKM,Turkmenistan,2010,4439.2,NA,4.447,NA,NA,23.613,1.391,Upper middle income
TKM,Turkmenistan,2015,6432.67,NA,7.405,NA,NA,-5.856,-12.742,Upper middle income
TKM,Turkmenistan,2020,7967.3,NA,7.583,NA,NA,-9.24,4.783,Upper middle income
TON,Tonga,2010,3569.1,NA,1.674,NA,NA,-3.266,9.962,Upper middle income
TON,Tonga,2015,4298.22,NA,0.054,NA,NA,-5.387,7.55,Upper middle income
TON,Tonga,2020,5125.12,NA,0.242,NA,NA,NA,NA,Upper middle income
TTO,Trinidad and Tobago,2010,16957.43,36.892,10.537,NA,5.925,11.436,-13.506,High income
TTO,Trinidad and Tobago,2015,18214.37,28.964,4.659,NA,3.425,-9.455,12.961,High income
TTO,Trinidad and Tobago,2020,15384.13,7,0.599,NA,NA,-20.543,-8.166,High income
TUN,Tunisia,2010,4140.47,20.029,4.361,25.632,13.048,6.507,15.427,Lower middle income
TUN,Tunisia,2015,3829.5,10.3,4.437,19.996,15.39,-2.818,-2.564,Lower middle income
TUN,Tunisia,2020,3322.93,0.971,5.687,7.788,NA,-12.3,-13.627,Lower middle income
TUR,Turkey,2010,10533.45,21.771,8.566,26.753,11.127,6.602,17.43,Upper middle income
TUR,Turkey,2015,10973.59,25.218,7.671,28.199,10.279,1.493,1.502,Upper middle income
TUR,Turkey,2020,8548.18,26.665,12.279,31.483,13.11,-17.99,5.381,Upper middle income
TUV,Tuvalu,2010,3034.68,NA,-2.033,NA,NA,NA,NA,Upper middle income
TUV,Tuvalu,2015,3238.99,NA,3.144,NA,NA,NA,NA,Upper middle income
TUV,Tuvalu,2020,4372.4,NA,1.57,NA,NA,NA,NA,Upper middle income
TZA,Tanzania,2010,732.315,24.066,7.192,32.39,NA,7.512,7.675,Lower middle income
TZA,Tanzania,2015,947.897,25.457,5.588,32.759,NA,13.903,1.714,Lower middle income
TZA,Tanzania,2020,1090.39,33.185,3,34.427,NA,-2.569,2.233,Lower middle income
UGA,Uganda,2010,808.713,16.245,3.716,22.767,NA,-9.319,-1.891,Low income
UGA,Uganda,2015,773.284,18.148,5.412,24.238,NA,3.421,12.096,Low income
UGA,Uganda,2020,912.442,18.203,3.792,27.322,NA,-16.028,3.48,Low income
UKR,Ukraine,2010,2982.81,18.654,9.365,20.873,8.097,9.293,15.014,Lower middle income
UKR,Ukraine,2015,2124.62,17.663,48.684,15.933,9.143,-11.211,-28.549,Lower middle income
UKR,Ukraine,2020,3653.11,10.936,2.74,6.591,9.036,-2.623,-5.92,Lower middle income
URY,Uruguay,2010,12883.88,16.195,6.699,17.588,7.025,NA,NA,High income
URY,Uruguay,2015,16692.65,17.223,8.666,17.477,7.525,-7.564,-8.145,High income
URY,Uruguay,2020,15777.96,12.873,9.756,14.319,10.35,-28.231,-12.544,High income
USA,United States,2010,48403.3,15.466,1.637,18.743,9.608,12.137,13.128,High income
USA,United States,2015,56848.51,20.141,0.121,21.163,5.275,0.421,5.175,High income
USA,United States,2020,63415.99,17.802,1.248,20.988,8.108,-12.97,-9.285,High income
UZB,Uzbekistan,2010,1667.27,28.083,12.304,21.463,NA,2.026,-2.781,Lower middle income
UZB,Uzbekistan,2015,2621.98,25.376,8.464,24.059,NA,2.332,-11.21,Lower middle income
UZB,Uzbekistan,2020,1701.94,31.561,12.855,37.005,NA,-17.914,-13.564,Lower middle income
VCT,Saint Vincent and the Grenadines,2010,6224.22,NA,0.752,NA,NA,NA,NA,Upper middle income
VCT,Saint Vincent and the Grenadines,2015,6867.52,9.997,-1.726,25.328,NA,19.189,9.132,Upper middle income
VCT,Saint Vincent and the Grenadines,2020,7121.64,12.724,-0.606,26.457,NA,-48.943,-32.136,Upper middle income
VEN,Venezuela,2010,11158.18,31.591,28.187,21.972,8.508,-12.877,-2.891,Not classified
VEN,Venezuela,2015,10568.1,2.352,121.738,30.868,7.4,-0.863,-23.102,Not classified
VEN,Venezuela,2020,1690.66,NA,2355.15,NA,NA,-48.13,-20.566,Not classified
VNM,Vietnam,2010,1628.52,32.352,9.207,35.367,2.88,6.577,4.404,Lower middle income
VNM,Vietnam,2015,2582.39,26.444,0.631,27.339,2.33,9.713,15.426,Lower middle income
VNM,Vietnam,2020,3498.98,28.603,3.222,26.444,3.3,2.822,2.948,Lower middle income
VUT,Vanuatu,2010,2719.25,NA,2.763,37.007,NA,NA,NA,Lower middle income
VUT,Vanuatu,2015,2771.66,NA,2.483,32.9,NA,NA,NA,Lower middle income
VUT,Vanuatu,2020,2875.95,NA,2.915,34.085,NA,NA,NA,Lower middle income
WSM,Samoa,2010,3566.51,NA,-0.201,NA,NA,NA,NA,Lower middle income
WSM,Samoa,2015,4073.68,NA,1.923,NA,NA,NA,NA,Lower middle income
WSM,Samoa,2020,3960.61,NA,1.48,NA,NA,NA,NA,Lower middle income
YEM,Yemen,2010,1266.79,8.25,11.175,11.661,NA,6.237,-6.359,Low income
YEM,Yemen,2015,1500.69,-4.439,22,1.645,NA,-34.107,-7.089,Low income
YEM,Yemen,2020,620.24,2.362,26.183,4.801,NA,-6.866,-30.204,Low income
ZAF,South Africa,2010,7311.74,18.012,4.264,19.513,24.875,7.718,10.794,Upper middle income
ZAF,South Africa,2015,5731.73,16.3,4.575,20.918,25.35,2.925,5.443,Upper middle income
ZAF,South Africa,2020,5067.15,14.602,3.268,12.426,29.175,-10.28,-16.615,Upper middle income
ZMB,Zambia,2010,1456.05,37.405,8.5,29.878,NA,19.476,32.492,Lower middle income
ZMB,Zambia,2015,1310.46,40.103,10.107,42.791,NA,-11.407,0.696,Lower middle income
ZMB,Zambia,2020,981.311,36.03,16.35,34.514,NA,1.143,2.635,Lower middle income
ZWE,Zimbabwe,2010,975.851,NA,3.045,NA,NA,NA,NA,Lower middle income
ZWE,Zimbabwe,2015,1425.01,NA,-2.41,NA,NA,NA,NA,Lower middle income
ZWE,Zimbabwe,2020,1385.04,NA,557.21,NA,NA,NA,NA,Lower middle income
